Number,Name,Type1,Type2,HitPoint,Attack,Defence,SpecialAttack,SpecialDefence,Speed
0001,フシギダネ,5,8,45,49,49,65,65,45
0002,フシギソウ,5,8,60,62,63,80,80,60
0003,フシギバナ,5,8,80,82,83,100,100,80
003-1,メガフシギバナ,5,8,80,100,123,122,120,80
0004,ヒトカゲ,2,19,39,52,43,60,50,65
0005,リザード,2,19,58,64,58,80,65,80
0006,リザードン,2,10,78,84,78,109,85,100
006-1,メガリザードンX,2,15,78,130,111,130,85,100
006-2,メガリザードンY,2,10,78,104,78,159,115,100
0007,ゼニガメ,3,19,44,48,65,50,64,43
0008,カメール,3,19,59,63,80,65,80,58
0009,カメックス,3,19,79,83,100,85,105,78
009-1,メガカメックス,3,19,79,103,120,135,115,78
0010,キャタピー,12,19,45,30,35,20,20,45
0011,トランセル,12,19,50,20,55,25,25,30
0012,バタフリー,12,10,60,45,50,90,80,70
0013,ビードル,12,8,40,35,30,20,20,50
0014,コクーン,12,8,45,25,50,25,25,35
0015,スピアー,12,8,65,90,40,45,80,75
015-1,メガスピアー,12,8,65,150,40,15,80,145
0016,ポッポ,1,10,40,45,40,35,35,56
0017,ピジョン,1,10,63,60,55,50,50,71
0018,ピジョット,1,10,83,80,75,70,70,101
018-1,メガピジョット,1,10,83,80,80,135,80,121
0019,コラッタ,1,19,30,56,35,25,35,72
019-1,コラッタ:A,16,1,30,56,35,25,35,72
0020,ラッタ,1,19,55,81,60,50,70,97
020-1,ラッタ:A,16,1,75,71,70,40,80,77
0021,オニスズメ,1,10,40,60,30,31,31,70
0022,オニドリル,1,10,65,90,65,61,61,100
0023,アーボ,8,19,35,60,44,40,54,55
0024,アーボック,8,19,60,95,69,65,79,80
0025,ピカチュウ,4,19,35,55,40,50,50,90
0026,ライチュウ,4,19,60,90,55,90,80,110
026-1,ライチュウ:A,4,11,60,85,50,95,85,110
0027,サンド,9,19,50,75,85,20,30,40
027-1,サンド:A,6,17,50,75,90,10,35,40
0028,サンドパン,9,19,75,100,110,45,55,65
028-1,サンドパン:A,6,17,75,100,120,25,65,65
0029,ニドラン♀,8,19,55,47,52,40,40,41
0030,ニドリーナ,8,19,70,62,67,55,55,56
0031,ニドクイン,8,9,90,92,87,75,85,76
0032,ニドラン♂,8,19,46,57,40,40,40,50
0033,ニドリーノ,8,19,61,72,57,55,55,65
0034,ニドキング,8,9,81,102,77,85,75,85
0035,ピッピ,18,19,70,45,48,60,65,35
0036,ピクシー,18,19,95,70,73,95,90,60
0037,ロコン,2,19,38,41,40,50,65,65
037-1,ロコン:A,6,19,38,41,40,50,65,65
0038,キュウコン,2,19,73,76,75,81,100,100
038-1,キュウコン:A,6,18,73,67,75,81,100,109
0039,プリン,1,18,115,45,20,45,25,20
0040,プクリン,1,18,140,70,45,85,50,45
0041,ズバット,8,10,40,45,35,30,40,55
0042,ゴルバット,8,10,75,80,70,65,75,90
0043,ナゾノクサ,5,8,45,50,55,75,65,30
0044,クサイハナ,5,8,60,65,70,85,75,40
0045,ラフレシア,5,8,75,80,85,110,90,50
0046,パラス,12,5,35,70,55,45,55,25
0047,パラセクト,12,5,60,95,80,60,80,30
0048,コンパン,12,8,60,55,50,40,55,45
0049,モルフォン,12,8,70,65,60,90,75,90
0050,ディグダ,9,19,10,55,25,35,45,95
050-1,ディグダ:A,9,17,10,55,30,35,45,90
0051,ダグトリオ,9,19,35,100,50,50,70,120
051-1,ダグドリオ:A,9,17,35,100,60,50,70,110
0052,ニャース,1,19,40,45,35,40,40,90
052-1,ニャース:A,16,19,40,35,35,50,40,90
0053,ペルシアン,1,19,65,70,60,65,65,115
053-1,ペルシアン:A,16,19,65,60,60,75,65,115
0054,コダック,3,19,50,52,48,65,50,55
0055,ゴルダック,3,19,80,82,78,95,80,85
0056,マンキー,7,19,40,80,35,35,45,70
0057,オコリザル,7,19,65,105,60,60,70,95
0058,ガーディ,2,19,55,70,45,70,50,60
0059,ウインディ,2,19,90,110,80,100,80,95
0060,ニョロモ,3,19,40,50,40,40,40,90
0061,ニョロゾ,3,19,65,65,65,50,50,90
0062,ニョロボン,3,7,90,95,95,70,90,70
0063,ケーシィ,11,19,25,20,15,105,55,90
0064,ユンゲラー,11,19,40,35,30,120,70,105
0065,フーディン,11,19,55,50,45,135,95,120
065-1,メガフーディン,11,19,55,50,65,175,105,150
0066,ワンリキー,7,19,70,80,50,35,35,35
0067,ゴーリキー,7,19,80,100,70,50,60,45
0068,カイリキー,7,19,90,130,80,65,85,55
0069,マダツボミ,5,8,50,75,35,70,30,40
0070,ウツドン,5,8,65,90,50,85,45,55
0071,ウツボット,5,8,80,105,65,100,70,70
0072,メノクラゲ,3,8,40,40,35,50,100,70
0073,ドククラゲ,3,8,80,70,65,80,120,100
0074,イシツブテ,13,9,40,80,100,30,30,20
074-1,イシツブテ:A,13,4,40,80,100,30,30,20
0075,ゴローン,13,9,55,95,115,45,45,35
075-1,ゴローン:A,13,4,55,95,115,45,45,35
0076,ゴローニャ,13,9,80,120,130,55,65,45
076-1,ゴローニャ:A,13,4,80,120,130,55,65,45
0077,ポニータ,2,19,50,85,55,65,65,90
0078,ギャロップ,2,19,65,100,70,80,80,105
0079,ヤドン,3,11,90,65,65,40,40,15
0080,ヤドラン,3,11,95,75,110,100,80,30
080-1,メガヤドラン,3,11,95,75,180,130,80,30
0081,コイル,4,17,25,35,70,95,55,45
0082,レアコイル,4,17,50,60,95,120,70,70
0083,カモネギ,1,10,52,90,55,58,62,60
0084,ドードー,1,10,35,85,45,35,35,75
0085,ドードリオ,1,10,60,110,70,60,60,110
0086,パウワウ,3,19,65,45,55,45,70,45
0087,ジュゴン,3,6,90,70,80,70,95,70
0088,ベトベター,8,19,80,80,50,40,50,25
088-1,ベトベター:A,8,16,80,80,50,40,50,25
0089,ベトベトン,8,19,105,105,75,65,100,50
089-1,ベトベトン:A,8,16,105,105,75,65,100,50
0090,シェルダー,3,19,30,65,100,45,25,40
0091,パルシェン,3,6,50,95,180,85,45,70
0092,ゴース,14,8,30,35,30,100,35,80
0093,ゴースト,14,8,45,50,45,115,55,95
0094,ゲンガー,14,8,60,65,60,130,75,110
094-1,メガゲンガー,14,8,60,65,80,170,95,130
0095,イワーク,13,9,35,45,160,30,45,70
0096,スリープ,11,19,60,48,45,43,90,42
0097,スリーパー　,11,19,85,73,70,73,115,67
0098,クラブ,3,19,30,105,90,25,25,50
0099,キングラー,3,19,55,130,115,50,50,75
0100,ビリリダマ,4,19,40,30,50,55,55,100
0101,マルマイン,4,19,60,50,70,80,80,150
0102,タマタマ,5,11,60,40,80,60,45,40
0103,ナッシー,5,11,95,95,85,125,75,55
103-1,ナッシー:A,5,15,95,105,85,125,75,45
0104,カラカラ,9,19,50,50,95,40,50,35
0105,ガラガラ,9,19,60,80,110,50,80,45
105-1,ガラガラ:A,2,14,60,80,110,50,80,45
0106,サワムラー,7,19,50,120,53,35,110,87
0107,エビワラー,7,19,50,105,79,35,110,76
0108,ベロリンガ,1,19,90,55,75,60,75,30
0109,ドガース,8,19,40,65,95,60,45,35
0110,マタドガス,8,19,65,90,120,85,70,60
0111,サイホーン,9,13,80,85,95,30,30,25
0112,サイドン,9,13,105,130,120,45,45,40
0113,ラッキー,1,19,250,5,5,35,105,50
0114,モンジャラ,5,19,65,55,115,100,40,60
0115,ガルーラ,1,19,105,95,80,40,80,90
115-1,メガガルーラ,1,19,105,125,100,60,100,100
0116,タッツー,3,19,30,40,70,70,25,60
0117,シードラ,3,19,55,65,95,95,45,85
0118,トサキント,3,19,45,67,60,35,50,63
0119,アズマオウ,3,19,80,92,65,65,80,68
0120,ヒトデマン,3,19,30,45,55,70,55,85
0121,スターミー,3,11,60,75,85,100,85,115
0122,バリヤード,11,18,40,45,65,100,120,90
0123,ストライク,12,10,70,110,80,55,80,105
0124,ルージュラ,6,11,65,50,35,115,95,95
0125,エレブー,4,19,65,83,57,95,85,105
0126,ブーバー,2,19,65,95,57,100,85,93
0127,カイロス,12,19,65,125,100,55,70,85
127-1,メガカイロス,12,10,65,155,120,65,90,105
0128,ケンタロス,1,19,75,100,95,40,70,110
0129,コイキング,3,19,20,10,55,15,20,80
0130,ギャラドス,3,10,95,125,79,60,100,81
130-1,メガギャラドス,3,16,95,155,109,70,130,81
0131,ラプラス,3,6,130,85,80,85,95,60
0132,メタモン,1,19,48,48,48,48,48,48
0133,イーブイ,1,19,55,55,50,45,65,55
0134,シャワーズ,3,19,130,65,60,110,95,65
0135,サンダース,4,19,65,65,60,110,95,130
0136,ブースター,2,19,65,130,60,95,110,65
0137,ポリゴン,1,19,65,60,70,85,75,40
0138,オムナイト,13,3,35,40,100,90,55,35
0139,オムスター,13,3,70,60,125,115,70,55
0140,カブト,13,3,30,80,90,55,45,55
0141,カブトプス,13,3,60,115,105,65,70,80
0142,プテラ,13,10,80,105,65,60,75,130
142-1,メガプテラ,13,10,80,135,85,70,95,150
0143,カビゴン,1,19,160,110,65,65,110,30
0144,フリーザー,6,10,90,85,100,95,125,85
0145,サンダー,4,10,90,90,85,125,90,100
0146,ファイヤー,2,10,90,100,90,125,85,90
0147,ミニリュウ,15,19,41,64,45,50,50,50
0148,ハクリュー,15,19,61,84,65,70,70,70
0149,カイリュー,15,10,91,134,95,100,100,80
0150,ミュウツー,11,19,106,110,90,154,90,130
150-1,メガミュウツーX,11,7,106,190,100,154,100,130
150-2,メガミュウツーY,11,19,106,150,70,194,120,140
0151,ミュウ,11,19,100,100,100,100,100,100
0152,チコリータ,5,19,45,49,65,49,65,45
0153,ベイリーフ,5,19,60,62,80,63,80,60
0154,メガニウム,5,19,80,82,100,83,100,80
0155,ヒノアラシ,2,19,39,52,43,60,50,65
0156,マグマラシ,2,19,58,64,58,80,65,80
0157,バクフーン,2,19,78,84,78,109,85,100
0158,ワニノコ,3,19,50,65,64,44,48,43
0159,アリゲイツ,3,19,65,80,80,59,63,58
0160,オーダイル,3,19,85,105,100,79,83,78
0161,オタチ,1,19,35,46,34,35,45,20
0162,オオタチ,1,19,85,76,64,45,55,90
0163,ホーホー,1,10,60,30,30,36,56,50
0164,ヨルノズク,1,10,100,50,50,86,96,70
0165,レディバ,12,10,40,20,30,40,80,55
0166,レディアン,12,10,55,35,50,55,110,85
0167,イトマル,12,8,40,60,40,40,40,30
0168,アリアドス,12,8,70,90,70,60,70,40
0169,クロバット,8,10,85,90,80,70,80,130
0170,チョンチー,3,4,75,38,38,56,56,67
0171,ランターン,3,4,125,58,58,76,76,67
0172,ピチュー,4,19,20,40,15,35,35,60
0173,ピィ,18,19,50,25,28,45,55,15
0174,ププリン,1,18,90,30,15,40,20,15
0175,トゲピー,18,19,35,20,65,40,65,20
0176,トゲチック,18,10,55,40,85,80,105,40
0177,ネイティ,11,10,40,50,45,70,45,70
0178,ネイティオ,11,10,65,75,70,95,70,95
0179,メリープ,4,19,55,40,40,65,45,35
0180,モココ,4,19,70,55,55,80,60,45
0181,デンリュウ,4,19,90,75,85,115,90,55
181-1,メガデンリュウ,4,15,90,95,105,165,110,45
0182,キレイハナ,5,19,75,80,95,90,100,50
0183,マリル,3,18,70,20,50,20,50,40
0184,マリルリ,3,18,100,50,80,60,80,50
0185,ウソッキー,13,19,70,100,115,30,65,30
0186,ニョロトノ,3,19,90,75,75,90,100,70
0187,ハネッコ,5,10,35,35,40,35,55,50
0188,ポポッコ,5,10,55,45,50,45,65,80
0189,ワタッコ,5,10,75,55,70,55,95,110
0190,エイパム,1,19,55,70,55,40,55,85
0191,ヒマナッツ,5,19,30,30,30,30,30,30
0192,キマワリ,5,19,75,75,55,105,85,30
0193,ヤンヤンマ,12,10,65,65,45,75,45,95
0194,ウパー,3,9,55,45,45,25,25,15
0195,ヌオー,3,9,95,85,85,65,65,35
0196,エーフィ,11,19,65,65,60,130,95,110
0197,ブラッキー,16,19,95,65,110,60,130,65
0198,ヤミカラス,16,10,60,85,42,85,42,91
0199,ヤドキング,3,11,95,75,80,100,110,30
0200,ムウマ,14,19,60,60,60,85,85,85
0201,アンノーン,11,19,48,72,48,72,48,48
0202,ソーナンス,11,19,190,33,58,33,58,33
0203,キリンリキ,1,11,70,80,65,90,65,85
0204,クヌギダマ,12,19,50,65,90,35,35,15
0205,フォレトス,12,17,75,90,140,60,60,40
0206,ノコッチ,1,19,100,70,70,65,65,45
0207,グライガー,9,10,65,75,105,35,65,85
0208,ハガネール,17,9,75,85,200,55,65,30
208-1,メガハガネール,17,9,75,125,230,55,95,30
0209,ブルー,18,19,60,80,50,40,40,30
0210,グランブル,18,19,90,120,75,60,60,45
0211,ハリーセン,3,8,65,95,85,55,55,85
0212,ハッサム,12,17,70,130,100,55,80,65
212-1,メガハッサム,12,17,70,150,140,65,100,75
0213,ツボツボ,12,13,20,10,230,10,230,5
0214,ヘラクロス,12,7,80,125,75,40,95,85
214-1,メガヘラクロス,12,7,80,185,115,40,105,75
0215,ニューラ,16,6,55,95,55,35,75,115
0216,ヒメグマ,1,19,60,80,50,50,50,40
0217,リングマ,1,19,90,130,75,75,75,55
0218,マグマッグ,2,19,40,40,40,70,40,20
0219,マグカルゴ,2,13,60,50,120,90,80,30
0220,ウリムー,6,9,50,50,40,30,30,50
0221,イノムー,6,9,100,100,80,60,60,50
0222,サニーゴ,3,13,65,55,95,65,95,35
0223,テッポウオ,3,19,35,65,35,65,35,65
0224,オクタン,3,19,75,105,75,105,75,45
0225,デリバード,6,10,45,55,45,65,45,75
0226,マンタイン,3,10,85,40,70,80,140,70
0227,エアームド,17,10,65,80,140,40,70,70
0228,デルビル,16,2,45,60,30,80,50,65
0229,ヘルガー,16,2,75,90,50,110,80,95
229-1,メガヘルガー,16,2,75,90,90,140,90,115
0230,キングドラ,3,15,75,95,95,95,95,85
0231,ゴマゾウ,9,19,90,60,60,40,40,40
0232,ドンファン,9,19,90,120,120,60,60,50
0233,ポリゴン２,1,19,85,80,90,105,95,60
0234,オドシシ,1,19,73,95,62,85,65,85
0235,ドーブル,1,19,55,20,35,20,45,75
0236,バルキー,7,19,35,35,35,35,35,35
0237,カポエラー,7,19,50,95,95,35,110,70
0238,ムチュール,6,11,45,30,15,85,65,65
0239,エレキッド,4,19,45,63,37,65,55,95
0240,ブビィ,2,19,45,75,37,70,55,83
0241,ミルタンク,1,19,95,80,105,40,70,100
0242,ハピナス,1,19,255,10,10,75,135,55
0243,ライコウ,4,19,90,85,75,115,100,115
0244,エンテイ,2,19,115,115,85,90,75,100
0245,スイクン,3,19,100,75,115,90,115,85
0246,ヨーギラス,13,9,50,64,50,45,50,41
0247,サナギラス,13,9,70,84,70,65,70,51
0248,バンギラス,13,16,100,134,110,95,100,61
248-1,メガバンギラス,13,16,100,164,150,95,120,71
0249,ルギア,11,10,106,90,130,90,154,110
0250,ホウオウ,2,10,106,130,90,110,154,90
0251,セレビィ,11,12,100,100,100,100,100,100
0252,キモリ,5,19,40,45,35,65,55,70
0253,ジュプトル,5,19,50,65,45,85,65,95
0254,ジュカイン,5,19,70,85,65,105,85,120
254-1,メガジュカイン,5,15,70,110,75,145,85,145
0255,アチャモ,2,19,45,60,40,70,50,45
0256,ワカシャモ,2,7,60,85,60,85,60,55
0257,バシャーモ,2,7,80,120,70,110,70,80
257-1,メガバシャーモ,2,7,80,160,80,130,80,100
0258,ミズゴロウ,3,19,50,70,50,50,50,40
0259,ヌマクロー,3,9,70,85,70,60,70,50
0260,ラグラージ,3,9,100,110,90,85,90,60
260-1,メガラグラージ,3,9,100,150,110,95,110,70
0261,ポチエナ,16,19,35,55,35,30,30,35
0262,グラエナ,16,19,70,90,70,60,60,70
0263,ジグザグマ,1,19,38,30,41,30,41,60
0264,マッスグマ,1,19,78,70,61,50,61,100
0265,ケムッソ,12,19,45,45,35,20,30,20
0266,カラサリス,12,19,50,35,55,25,25,15
0267,アゲハント,12,10,60,70,50,100,50,65
0268,マユルド,12,19,50,35,55,25,25,15
0269,ドクケイル,12,8,60,50,70,50,90,65
0270,ハスボー,3,12,40,30,30,40,50,30
0271,ハスブレロ,3,12,60,50,50,60,70,50
0272,ルンパッパ,3,12,80,70,70,90,100,70
0273,タネボー,5,19,40,40,50,30,30,30
0274,コノハナ,5,16,70,70,40,60,40,60
0275,ダーテング,5,16,90,100,60,90,60,80
0276,スバメ,1,10,40,55,30,30,30,85
0277,オオスバメ,1,10,60,85,60,75,50,125
0278,キャモメ,3,10,40,30,30,55,30,85
0279,ペリッパー,3,10,60,50,100,95,70,65
0280,ラルトス,11,18,28,25,25,45,35,40
0281,キルリア,11,18,38,35,35,65,55,50
0282,サーナイト,11,18,68,65,65,125,115,80
282-1,メガサーナイト,11,18,68,85,65,165,135,100
0283,アメタマ,12,3,40,30,32,50,52,65
0284,アメモース,12,10,70,60,62,100,82,80
0285,キノココ,5,19,60,40,60,40,60,35
0286,キノガッサ,5,7,60,130,80,60,60,70
0287,ナマケロ,1,19,60,60,60,35,35,30
0288,ヤルキモノ,1,19,80,80,80,55,55,90
0289,ケッキング,1,19,150,160,100,95,65,100
0290,ツチニン,12,9,31,45,90,30,30,40
0291,テッカニン,12,10,61,90,45,50,50,160
0292,ヌケニン,12,14,1,90,45,30,30,40
0293,ゴニョニョ,1,19,64,51,23,51,23,28
0294,ドゴーム,1,19,84,71,43,71,43,48
0295,バクオング,1,19,104,91,63,91,73,68
0296,マクノシタ,7,19,72,60,30,20,30,25
0297,ハリテヤマ,7,19,144,120,60,40,60,50
0298,ルリリ,1,18,50,20,40,20,40,20
0299,ノズパス,13,19,30,45,135,45,90,30
0300,エネコ,1,19,50,45,45,35,35,50
0301,エネコロロ,1,19,70,65,65,55,55,90
0302,ヤミラミ,16,14,50,75,75,65,65,50
302-1,メガヤミラミ,16,14,50,85,125,85,115,20
0303,クチート,17,18,50,85,85,55,55,50
303-1,メガクチート,17,18,50,105,125,55,95,50
0304,ココドラ,17,13,50,70,100,40,40,30
0305,コドラ,17,13,60,90,140,50,50,40
0306,ボスゴドラ,17,13,70,110,180,60,60,50
306-1,メガボスゴドラ,17,19,70,140,230,60,80,50
0307,アサナン,7,11,30,40,55,40,55,60
0308,チャーレム,7,11,60,60,75,60,75,80
308-1,メガチャーレム,7,11,60,100,85,80,85,100
0309,ラクライ,4,19,40,45,40,65,40,65
0310,ライボルト,4,19,70,75,60,105,60,105
310-1,メガライボルト,4,19,70,75,80,135,80,135
0311,プラスル,4,19,60,50,40,85,75,95
0312,マイナン,4,19,60,40,50,75,85,95
0313,バルビート,12,19,65,73,75,47,85,85
0314,イルミーゼ,12,19,65,47,75,73,85,85
0315,ロゼリア,5,8,50,60,45,100,80,65
0316,ゴクリン,8,19,70,43,53,43,53,40
0317,マルノーム,8,19,100,73,83,73,83,55
0318,キバニア,3,16,45,90,20,65,20,65
0319,サメハダー,3,16,70,120,40,95,40,95
319-1,メガサメハダー,3,16,70,140,70,110,65,105
0320,ホエルコ,3,19,130,70,35,70,35,60
0321,ホエルオー,3,19,170,90,45,90,45,60
0322,ドンメル,2,9,60,60,40,65,45,35
0323,バクーダ,2,9,70,100,70,105,75,40
323-1,メガバクーダ,2,9,70,120,100,145,105,20
0324,コータス,2,19,70,85,140,85,70,20
0325,バネブー,11,19,60,25,35,70,80,60
0326,ブーピッグ,11,19,80,45,65,90,110,80
0327,パッチール,1,19,60,60,60,60,60,60
0328,ナックラー,9,19,45,100,45,45,45,10
0329,ビブラーバ,9,15,50,70,50,50,50,70
0330,フライゴン,9,15,80,100,80,80,80,100
0331,サボネア,5,19,50,85,40,85,40,35
0332,ノクタス,5,16,70,115,60,115,60,55
0333,チルット,1,10,45,40,60,40,75,50
0334,チルタリス,15,10,75,70,90,70,105,80
334-1,メガチルタリス,15,18,75,110,110,110,105,80
0335,ザングース,1,19,73,115,60,60,60,90
0336,ハブネーク,8,19,73,100,60,100,60,65
0337,ルナトーン,13,11,90,55,65,95,85,70
0338,ソルロック,13,11,90,95,85,55,65,70
0339,ドジョッチ,3,9,50,48,43,46,41,60
0340,ナマズン,3,9,110,78,73,76,71,60
0341,ヘイガニ,3,19,43,80,65,50,35,35
0342,シザリガー,3,16,63,120,85,90,55,55
0343,ヤジロン,9,11,40,40,55,40,70,55
0344,ネンドール,9,11,60,70,105,70,120,75
0345,リリーラ,13,5,66,41,77,61,87,23
0346,ユレイドル,13,5,86,81,97,81,107,43
0347,アノプス,13,12,45,95,50,40,50,75
0348,アーマルド,13,12,75,125,100,70,80,45
0349,ヒンバス,3,19,20,15,20,10,55,80
0350,ミロカロス,3,19,95,60,79,100,125,81
0351,ポワルン,1,19,70,70,70,70,70,70
0352,カクレオン,1,19,60,90,70,60,120,40
0353,カゲボウズ,14,19,44,75,35,63,33,45
0354,ジュペッタ,14,19,64,115,65,83,63,65
354-1,メガジュペッタ,14,19,64,165,75,93,83,75
0355,ヨマワル,14,19,20,40,90,30,90,25
0356,サマヨール,14,19,40,70,130,60,130,25
0357,トロピウス,5,10,99,68,83,72,87,51
0358,チリーン,11,19,75,50,80,95,90,65
0359,アブソル,16,19,65,130,60,75,60,75
359-1,メガアブソル,16,19,65,150,60,115,60,115
0360,ソーナノ,11,19,95,23,48,23,48,23
0361,ユキワラシ,6,19,50,50,50,50,50,50
0362,オニゴーリ,6,19,80,80,80,80,80,80
362-1,メガオニゴーリ,6,19,80,120,80,120,80,100
0363,タマザラシ,6,3,70,40,50,55,50,25
0364,トドグラー,6,3,90,60,70,75,70,45
0365,トドゼルガ,6,3,110,80,90,95,90,65
0366,パールル,3,19,35,64,85,74,55,32
0367,ハンテール,3,19,55,104,105,94,75,52
0368,サクラビス,3,19,55,84,105,114,75,52
0369,ジーランス,3,13,100,90,130,45,65,55
0370,ラブカス,3,19,43,30,55,40,65,97
0371,タツベイ,15,19,45,75,60,40,30,50
0372,コモルー,15,19,65,95,100,60,50,50
0373,ボーマンダ,15,10,95,135,80,110,80,100
373-1,メガボーマンダ,15,10,95,145,130,120,90,120
0374,ダンバル,17,11,40,55,80,35,60,30
0375,メタング,17,11,60,75,100,55,80,50
0376,メタグロス,17,11,80,135,130,95,90,70
376-1,メガメタグロス,17,11,80,145,150,105,110,110
0377,レジロック,13,19,80,100,200,50,100,50
0378,レジアイス,6,19,80,50,100,100,200,50
0379,レジスチル,17,19,80,75,150,75,150,50
0380,ラティアス,15,11,80,80,90,110,130,110
380-1,メガラティアス,15,11,80,100,120,140,150,110
0381,ラティオス,15,11,80,90,80,130,110,110
381-1,メガラティオス,15,11,80,130,100,160,120,110
0382,カイオーガ,3,19,100,100,90,150,140,90
382-1,ゲンシカイオーガ,3,19,100,150,90,180,160,90
0383,グラードン,9,19,100,150,140,100,90,90
383-1,ゲンシグラードン,9,2,100,180,160,150,90,90
0384,レックウザ,15,10,105,150,90,150,90,95
384-1,メガレックウザ,15,10,105,180,100,180,100,115
0385,ジラーチ,17,11,100,100,100,100,100,100
0386,デオキシスN,11,19,50,150,50,150,50,150
386-1,デオキシスA,11,19,50,180,20,180,20,150
386-2,デオキシスD,11,19,50,70,160,70,160,90
386-3,デオキシスS,11,19,50,95,90,95,90,180
0387,ナエトル,5,19,55,68,64,45,55,31
0388,ハヤシガメ,5,19,75,89,85,55,65,36
0389,ドダイトス,5,9,95,109,105,75,85,56
0390,ヒコザル,2,19,44,58,44,58,44,61
0391,モウカザル,2,7,64,78,52,78,52,81
0392,ゴウカザル,2,7,76,104,71,104,71,108
0393,ポッチャマ,3,19,53,51,53,61,56,40
0394,ポッタイシ,3,19,64,66,68,81,76,50
0395,エンペルト,3,17,84,86,88,111,101,60
0396,ムックル,1,10,40,55,30,30,30,60
0397,ムクバード,1,10,55,75,50,40,40,80
0398,ムクホーク,1,10,85,120,70,50,60,100
0399,ビッパ,1,19,59,45,40,35,40,31
0400,ビーダル,1,3,79,85,60,55,60,71
0401,コロボーシ,12,19,37,25,41,25,41,25
0402,コロトック,12,19,77,85,51,55,51,65
0403,コリンク,4,19,45,65,34,40,34,45
0404,ルクシオ,4,19,60,85,49,60,49,60
0405,レントラー,4,19,80,120,79,95,79,70
0406,スボミー,5,8,40,30,35,50,70,55
0407,ロズレイド,5,8,60,70,65,125,105,90
0408,ズガイドス,13,19,67,125,40,30,30,58
0409,ラムパルド,13,19,97,165,60,65,50,58
0410,タテトプス,13,17,30,42,118,42,88,30
0411,トリデプス,13,17,60,52,168,47,138,30
0412,ミノムッチ,12,19,40,29,45,29,45,36
0413,ミノマダム草,12,5,60,59,85,79,105,36
413-1,ミノマダム地,12,9,60,79,105,59,85,36
413-2,ミノマダム鋼,12,17,60,69,95,69,95,36
0414,ガーメイル,12,10,70,94,50,94,50,66
0415,ミツハニー,12,10,30,30,42,30,42,70
0416,ビークイン,12,10,70,80,102,80,102,40
0417,パチリス,4,19,60,45,70,45,90,95
0418,ブイゼル,3,19,55,65,35,60,30,85
0419,フローゼル,3,19,85,105,55,85,50,115
0420,チェリンボ,5,19,45,35,45,62,53,35
0421,チェリム,5,19,70,60,70,87,78,85
0422,カラナクシ,3,19,76,48,48,57,62,34
0423,トリトドン,3,9,111,83,68,92,82,39
0424,エテボース,1,19,75,100,66,60,66,115
0425,フワンテ,14,10,90,50,34,60,44,70
0426,フワライド,14,10,150,80,44,90,54,80
0427,ミミロル,1,19,55,66,44,44,56,85
0428,ミミロップ,1,19,65,76,84,54,96,105
428-1,メガミミロップ,1,7,65,136,94,54,96,135
0429,ムウマージ,14,19,60,60,60,105,105,105
0430,ドンカラス,16,10,100,125,52,105,52,71
0431,ニャルマー,1,19,49,55,42,42,37,85
0432,ブニャット,1,19,71,82,64,64,59,112
0433,リーシャン,11,19,45,30,50,65,50,45
0434,スカンプー,8,16,63,63,47,41,41,74
0435,スカタンク,8,16,103,93,67,71,61,84
0436,ドーミラー,17,11,57,24,86,24,86,23
0437,ドータクン,17,11,67,89,116,79,116,33
0438,ウソハチ,13,19,50,80,95,10,45,10
0439,マネネ,11,18,20,25,45,70,90,60
0440,ピンプク,1,19,100,5,5,15,65,30
0441,ペラップ,1,10,76,65,45,92,42,91
0442,ミカルゲ,14,16,50,92,108,92,108,35
0443,フカマル,15,9,58,70,45,40,45,42
0444,ガバイト,15,9,68,90,65,50,55,82
0445,ガブリアス,15,9,108,130,95,80,85,102
445-1,メガガブリアス,15,9,108,170,115,120,95,92
0446,ゴンベ,1,19,135,85,40,40,85,5
0447,リオル,7,19,40,70,40,35,40,60
0448,ルカリオ,7,17,70,110,70,115,70,90
448-1,メガルカリオ,7,17,70,145,88,140,70,112
0449,ヒポポタス,9,19,68,72,78,38,42,32
0450,カバルドン,9,19,108,112,118,68,72,47
0451,スコルピ,8,12,40,50,90,30,55,65
0452,ドラピオン,8,16,70,90,110,60,75,95
0453,グレッグル,8,7,48,61,40,61,40,50
0454,ドクロッグ,8,7,83,106,65,86,65,85
0455,マスキッパ,5,19,74,100,72,90,72,46
0456,ケイコウオ,3,19,49,49,56,49,61,66
0457,ネオラント,3,19,69,69,76,69,86,91
0458,タマンタ,3,10,45,20,50,60,120,50
0459,ユキカブリ,5,6,60,62,50,62,60,40
0460,ユキノオー,5,6,90,92,75,92,85,60
460-1,メガユキノオー,5,6,90,132,105,132,105,30
0461,マニューラ,16,6,70,120,65,45,85,125
0462,ジバコイル,4,17,70,70,115,130,90,60
0463,ベロベルト,1,19,110,85,95,80,95,50
0464,ドサイドン,9,13,115,140,130,55,55,40
0465,モジャンボ,5,19,100,100,125,110,50,50
0466,エレキブル,4,19,75,123,67,95,85,95
0467,ブーバーン,2,19,75,95,67,125,95,83
0468,トゲキッス,18,10,85,50,95,120,115,80
0469,メガヤンマ,12,10,86,76,86,116,56,95
0470,リーフィア,5,19,65,110,130,60,65,95
0471,グレイシア,6,19,65,60,110,130,95,65
0472,グライオン,9,10,75,95,125,45,75,95
0473,マンムー,6,9,110,130,80,70,60,80
0474,ポリゴンＺ,1,19,85,80,70,135,75,90
0475,エルレイド,11,7,68,125,65,65,115,80
475-1,メガエルレイド,11,7,68,165,95,65,115,110
0476,ダイノーズ,13,17,60,55,145,75,150,40
0477,ヨノワール,14,19,45,100,135,65,135,45
0478,ユキメノコ,6,14,70,80,70,80,70,110
0479,ロトム,4,14,50,50,77,95,77,91
479-1,ロトム炎,4,2,50,65,107,105,107,86
479-2,ロトム水,4,3,50,65,107,105,107,86
479-3,ロトム氷,4,6,50,65,107,105,107,86
479-4,ロトム飛,4,10,50,65,107,105,107,86
479-5,ロトム草,4,5,50,65,107,105,107,86
0480,ユクシー,11,19,75,75,130,75,130,95
0481,エムリット,11,19,80,105,105,105,105,80
0482,アグノム,11,19,75,125,70,125,70,115
0483,ディアルガ,17,15,100,120,120,150,100,90
0484,パルキア,3,15,90,120,100,150,120,100
0485,ヒードラン,2,17,91,90,106,130,106,77
0486,レジギガス,1,19,110,160,110,80,110,100
0487,ギラティナA,14,15,150,100,120,100,120,90
487-1,ギラティナO,14,15,150,120,100,120,100,90
0488,クレセリア,11,19,120,70,120,75,130,85
0489,フィオネ,3,19,80,80,80,80,80,80
0490,マナフィ,3,19,100,100,100,100,100,100
0491,ダークライ,16,19,70,90,90,135,90,125
0492,シェイミL,5,19,100,100,100,100,100,100
492-1,シェイミS,5,10,100,103,75,120,75,127
0493,アルセウス,1,19,120,120,120,120,120,120
0494,ビクティニ,11,2,100,100,100,100,100,100
0495,ツタージャ,5,19,45,45,55,45,55,63
0496,ジャノビー,5,19,60,60,75,60,75,83
0497,ジャローダ,5,19,75,75,95,75,95,113
0498,ポカブ,2,19,65,63,45,45,45,45
0499,チャオブー,2,7,90,93,55,70,55,55
0500,エンブオー,2,7,110,123,65,100,65,65
0501,ミジュマル,3,19,55,55,45,63,45,45
0502,フタチマル,3,19,75,75,60,83,60,60
0503,ダイケンキ,3,19,95,100,85,108,70,70
0504,ミネズミ,1,19,45,55,39,35,39,42
0505,ミルホッグ,1,19,60,85,69,60,69,77
0506,ヨーテリー,1,19,45,60,45,25,45,55
0507,ハーデリア,1,19,65,80,65,35,65,60
0508,ムーランド,1,19,85,110,90,45,90,80
0509,チョロネコ,16,19,41,50,37,50,37,66
0510,レパルダス,16,19,64,88,50,88,50,106
0511,ヤナップ,5,19,50,53,48,53,48,64
0512,ヤナッキー,5,19,75,98,63,98,63,101
0513,バオップ,2,19,50,53,48,53,48,64
0514,バオッキー,2,19,75,98,63,98,63,101
0515,ヒヤップ,3,19,50,53,48,53,48,64
0516,ヒヤッキー,3,19,75,98,63,98,63,101
0517,ムンナ,11,19,76,25,45,67,55,24
0518,ムシャーナ,11,19,116,55,85,107,95,29
0519,マメパト,1,10,50,55,50,36,30,43
0520,ハトーボー,1,10,62,77,62,50,42,65
0521,ケンホロウ,1,10,80,115,80,65,55,93
0522,シママ,4,19,45,60,32,50,32,76
0523,ゼブライカ,4,19,75,100,63,80,63,116
0524,ダンゴロ,13,19,55,75,85,25,25,15
0525,ガントル,13,19,70,105,105,50,40,20
0526,ギガイアス,13,19,85,135,130,60,80,25
0527,コロモリ,11,10,65,45,43,55,43,72
0528,ココロモリ,11,10,67,57,55,77,55,114
0529,モグリュー,9,19,60,85,40,30,45,68
0530,ドリュウズ,9,17,110,135,60,50,65,88
0531,タブンネ,1,19,103,60,86,60,86,50
531-1,メガタブンネ,1,18,103,60,126,80,126,50
0532,ドッコラー,7,19,75,80,55,25,35,35
0533,ドテッコツ,7,19,85,105,85,40,50,40
0534,ローブシン,7,19,105,140,95,55,65,45
0535,オタマロ,3,19,50,50,40,50,40,64
0536,ガマガル,3,9,75,65,55,65,55,69
0537,ガマゲロゲ,3,9,105,95,75,85,75,74
0538,ナゲキ,7,19,120,100,85,30,85,45
0539,ダゲキ,7,19,75,125,75,30,75,85
0540,クルミル,12,5,45,53,70,40,60,42
0541,クルマユ,12,5,55,63,90,50,80,42
0542,ハハコモリ,12,5,75,103,80,70,80,92
0543,フシデ,12,8,30,45,59,30,39,57
0544,ホイーガ,12,8,40,55,99,40,79,47
0545,ペンドラー,12,8,60,100,89,55,69,112
0546,モンメン,5,18,40,27,60,37,50,66
0547,エルフーン,5,18,60,67,85,77,75,116
0548,チュリネ,5,19,45,35,50,70,50,30
0549,ドレディア,5,19,70,60,75,110,75,90
0550,バスラオ赤,3,19,70,92,65,80,55,98
550-1,バスラオ青,3,19,70,92,65,80,55,98
0551,メグロコ,9,16,50,72,35,35,35,65
0552,ワルビル,9,16,60,82,45,45,45,74
0553,ワルビアル,9,16,95,117,80,65,70,92
0554,ダルマッカ,2,19,70,90,45,15,45,50
0555,ヒヒダルマN,2,19,105,140,55,30,55,95
555-1,ヒヒダルマD,2,11,105,30,105,140,105,55
0556,マラカッチ,5,19,75,86,67,106,67,60
0557,イシズマイ,12,13,50,65,85,35,35,55
0558,イワパレス,12,13,70,105,125,65,75,45
0559,ズルッグ,16,7,50,75,70,35,70,48
0560,ズルズキン,16,7,65,90,115,45,115,58
0561,シンボラー,11,10,72,58,80,103,80,97
0562,デスマス,14,19,38,30,85,55,65,30
0563,デスカーン,14,19,58,50,145,95,105,30
0564,プロトーガ,3,13,54,78,103,53,45,22
0565,アバゴーラ,3,13,74,108,133,83,65,32
0566,アーケン,13,10,55,112,45,74,45,70
0567,アーケオス,13,10,75,140,65,112,65,110
0568,ヤブクロン,8,19,50,50,62,40,62,65
0569,ダストダス,8,19,80,95,82,60,82,75
0570,ゾロア,16,19,40,65,40,80,40,65
0571,ゾロアーク,16,19,60,105,60,120,60,105
0572,チラーミィ,1,19,55,50,40,40,40,75
0573,チラチーノ,1,19,75,95,60,65,60,115
0574,ゴチム,11,19,45,30,50,55,65,45
0575,ゴチミル,11,19,60,45,70,75,85,55
0576,ゴチルゼル,11,19,70,55,95,95,110,65
0577,ユニラン,11,19,45,30,40,105,50,20
0578,ダブラン,11,19,65,40,50,125,60,30
0579,ランクルス,11,19,110,65,75,125,85,30
0580,コアルヒー,3,10,62,44,50,44,50,55
0581,スワンナ,3,10,75,87,63,87,63,98
0582,バニプッチ,6,19,36,50,50,65,60,44
0583,バニリッチ,6,19,51,65,65,80,75,59
0584,バイバニラ,6,19,71,95,85,110,95,79
0585,シキジカ,1,12,60,60,50,40,50,75
0586,メブキジカ,1,12,80,100,70,60,70,95
0587,エモンガ,4,10,55,75,60,75,60,103
0588,カブルモ,12,19,50,75,45,40,45,60
0589,シュバルゴ,12,17,70,135,105,60,105,20
0590,タマゲタケ,5,8,69,55,45,55,55,15
0591,モロバレル,5,8,114,85,70,85,80,30
0592,プルリル,3,14,55,40,50,65,85,40
0593,ブルンゲル,3,14,100,60,70,85,105,60
0594,ママンボウ,3,19,165,75,80,40,45,65
0595,バチュル,12,4,50,47,50,57,50,65
0596,デンチュラ,12,4,70,77,60,97,60,108
0597,テッシード,5,17,44,50,91,24,86,10
0598,ナットレイ,5,17,74,94,131,54,116,20
0599,ギアル,17,19,40,55,70,45,60,30
0600,ギギアル,17,19,60,80,95,70,85,50
0601,ギギギアル,17,19,60,100,115,70,85,90
0602,シビシラス,4,19,35,55,40,45,40,60
0603,シビビール,4,19,65,85,70,75,70,40
0604,シビルドン,4,19,85,115,80,105,80,50
0605,リグレー,11,19,55,55,55,85,55,30
0606,オーベム,11,19,75,75,75,125,95,40
0607,ヒトモシ,14,2,50,30,55,65,55,20
0608,ランプラー,14,2,60,40,60,95,60,55
0609,シャンデラ,14,2,60,55,90,145,90,80
0610,キバゴ,15,19,46,87,60,30,40,57
0611,オノンド,15,19,66,117,70,40,50,67
0612,オノノクス,15,19,76,147,90,60,70,97
0613,クマシュン,6,19,55,70,40,60,40,40
0614,ツンベアー,6,19,95,130,80,70,80,50
0615,フリージオ,6,19,80,50,50,95,135,105
0616,チョボマキ,12,19,50,40,85,40,65,25
0617,アギルダー,12,19,80,70,40,100,60,145
0618,マッギョ,9,4,109,66,84,81,99,32
0619,コジョフー,7,19,45,85,50,55,50,65
0620,コジョンド,7,19,65,125,60,95,60,105
0621,クリムガン,15,19,77,120,90,60,90,48
0622,ゴビット,9,14,59,74,50,35,50,35
0623,ゴルーグ,9,14,89,124,80,55,80,55
0624,コマタナ,16,17,45,85,70,40,40,60
0625,キリキザン,16,17,65,125,100,60,70,70
0626,バッフロン,1,19,95,110,95,40,95,55
0627,ワシボン,1,10,70,83,50,37,50,60
0628,ウォーグル,1,10,100,123,75,57,75,80
0629,バルチャイ,16,10,70,55,75,45,65,60
0630,バルジーナ,16,10,110,65,105,55,95,80
0631,クイタラン,2,19,85,97,66,105,66,65
0632,アイアント,12,17,58,109,112,48,48,109
0633,モノズ,16,15,52,65,50,45,50,38
0634,ジヘッド,16,15,72,85,70,65,70,58
0635,サザンドラ,16,15,92,105,90,125,90,98
0636,メラルバ,12,2,55,85,55,50,55,60
0637,ウルガモス,12,2,85,60,65,135,105,100
0638,コバルオン,17,7,91,90,129,90,72,108
0639,テラキオン,13,7,91,129,90,72,90,108
0640,ビリジオン,5,7,91,90,72,90,129,108
0641,トルネロス化身,10,19,79,115,70,125,80,111
641-1,トルネロス霊獣,10,19,79,100,80,110,90,121
0642,ボルトロス化身,4,10,79,115,70,125,80,111
642-1,ボルトロス霊獣,4,10,79,105,70,145,80,101
0643,レシラム,15,2,100,120,100,150,120,90
0644,ゼクロム,15,4,100,150,120,120,100,90
0645,ランドロス化身,9,10,89,125,90,115,80,101
645-1,ランドロス霊獣,9,10,89,145,90,105,80,91
0646,キュレム,15,6,125,130,90,130,90,95
646-1,ブラックキュレム,15,6,125,170,100,120,90,95
646-2,ホワイトキュレム,15,6,125,120,90,170,100,95
0647,ケルディオ,3,7,91,72,90,129,90,108
647-1,ケルディオ覚悟,3,7,91,72,90,129,90,108
0648,メロエッタＶ,1,11,100,77,77,128,128,90
648-1,メロエッタＳ,1,7,100,128,90,77,77,128
0649,ゲノセクト,12,17,71,120,95,120,95,99
0650,ハリマロン,5,19,56,61,65,48,45,38
0651,ハリボーグ,5,19,61,78,95,56,58,57
0652,ブリガロン,5,7,88,107,122,74,75,64
0653,フォッコ,2,19,40,45,40,62,60,60
0654,テールナー,2,19,59,59,58,90,70,73
0655,マフォクシー,2,11,75,69,72,114,100,104
0656,ケロマツ,3,19,41,56,40,62,44,71
0657,ゲコガシラ,3,19,54,63,52,83,56,97
0658,ゲッコウガ,3,16,72,95,67,103,71,122
0659,ホルビー,1,19,38,36,38,32,36,57
0660,ホルード,1,9,85,56,77,50,77,78
0661,ヤヤコマ,1,10,45,50,43,40,38,62
0662,ヒノヤコマ,2,10,62,73,55,56,52,84
0663,ファイアロー,2,10,78,81,71,74,69,126
0664,コフキムシ,12,19,38,35,40,27,25,35
0665,コフーライ,12,19,45,22,60,27,30,29
0666,ビビヨン,12,10,80,52,50,90,50,89
0667,シシコ,2,1,62,50,58,73,54,72
0668,カエンジシ,2,1,86,68,72,109,66,106
0669,フラベベ,18,19,44,38,39,61,79,42
0670,フラエッテ,18,19,54,45,47,75,98,52
670-1,フラエッテＡＺ,18,19,74,65,67,125,128,92
0671,フラージェス,18,19,78,65,68,112,154,75
0672,メェークル,5,19,66,65,48,62,57,52
0673,ゴーゴート,5,19,123,100,62,97,81,68
0674,ヤンチャム,7,19,67,82,62,46,48,43
0675,ゴロンダ,7,16,95,124,78,69,71,58
0676,トリミアン,1,19,75,80,60,65,90,102
0677,ニャスパー,11,19,62,48,54,63,60,68
0678,ニャオニクス♂,11,19,74,48,76,83,81,104
678-1,ニャオニクス♀,11,19,74,48,76,83,81,104
0679,ヒトツキ,17,14,45,80,100,35,37,28
0680,ニダンギル,17,14,59,110,150,45,49,35
0681,ギルガルド盾,17,14,60,50,150,50,150,60
681-1,ギルガルド剣,17,14,60,150,50,150,50,60
0682,シュシュプ,18,19,78,52,60,63,65,23
0683,フレフワン,18,19,101,72,72,99,89,29
0684,ペロッパフ,18,19,62,48,66,59,57,49
0685,ペロリーム,18,19,82,80,86,85,75,72
0686,マーイーカ,16,11,53,54,53,37,46,45
0687,カラマネロ,16,11,86,92,88,68,75,73
0688,カメテテ,13,3,42,52,67,39,56,50
0689,ガメノデス,13,3,72,105,115,54,86,68
0690,クズモー,8,3,50,60,60,60,60,30
0691,ドラミドロ,8,15,65,75,90,97,123,44
0692,ウデッポウ,3,19,50,53,62,58,63,44
0693,ブロスター,3,19,71,73,88,120,89,59
0694,エリキテル,4,1,44,38,33,61,43,70
0695,エレザード,4,1,62,55,52,109,94,109
0696,チゴラス,13,15,58,89,77,45,45,48
0697,ガチゴラス,13,15,82,121,119,69,59,71
0698,アマルス,13,6,77,59,50,67,63,46
0699,アマルルガ,13,6,123,77,72,99,92,58
0700,ニンフィア,18,19,95,65,65,110,130,60
0701,ルチャブル,7,10,78,92,75,74,63,118
0702,デデンネ,4,18,67,58,57,81,67,101
0703,メレシー,13,18,50,50,150,50,150,50
0704,ヌメラ,15,19,45,50,35,55,75,40
0705,ヌメイル,15,19,68,75,53,83,113,60
0706,ヌメルゴン,15,19,90,100,70,110,150,80
0707,クレッフィ,17,18,57,80,91,80,87,75
0708,ボクレー,14,5,43,70,48,50,60,38
0709,オーロット,14,5,85,110,76,65,82,56
0710,バケッチャ,14,5,49,66,70,44,55,51
0710,バケッチャ小,14,5,44,66,70,44,55,56
0710,バケッチャ大,14,5,54,66,70,44,55,46
0710,バケッチャ特大,14,5,59,66,70,44,55,41
0711,パンプジン,14,5,65,90,122,58,75,84
0711,パンプジン小,14,5,55,85,122,58,75,99
0711,パンプジン大,14,5,75,95,122,58,75,69
0711,パンプジン特大,14,5,85,100,122,58,75,54
0712,カチコール,6,19,55,69,85,32,35,28
0713,クレベース,6,19,95,117,184,44,46,28
0714,オンバット,10,15,40,30,35,45,40,55
0715,オンバーン,10,15,85,70,80,97,80,123
0716,ゼルネアス,18,19,126,131,95,131,98,99
0717,イベルタル,16,10,126,131,95,131,98,99
0718,ジガルデ10%,15,9,100,71,61,85,115,486
718-1,ジガルデ50%,15,9,100,121,81,95,95,600
718-2,ジガルデ完全,15,9,216,100,121,91,95,85
0719,ディアンシー,13,18,50,100,150,100,150,50
719-1,メガディアンシー,13,18,50,160,110,160,110,110
0720,フーパ(戒め),11,14,80,110,60,150,130,70
720-1,フーパ(解放),11,16,80,160,60,170,130,80
0721,ボルケニオン,2,3,80,110,120,130,90,70
0722,モクロー,5,10,68,55,55,50,50,42
0723,フクスロー,5,10,78,75,75,70,70,52
0724,ジュナイパー,5,14,78,107,75,100,100,70
0725,ニャビー,2,19,45,65,40,60,40,70
0726,ニャヒート,2,19,65,85,50,80,50,90
0727,ガオガエン,2,16,95,115,90,80,90,60
0728,アシマリ,3,19,50,54,54,66,56,40
0729,オシャマリ,3,19,60,69,69,91,81,50
0730,アシレーヌ,3,18,80,74,74,126,116,60
0731,ツツケラ,1,10,35,75,30,30,30,65
0732,ケララッパ,1,10,55,85,50,40,50,75
0733,ドデカバシ,1,10,80,120,75,75,75,60
0734,ヤングース,1,19,48,70,30,30,30,45
0735,デカグース,1,19,88,110,60,55,60,45
0736,アゴジムシ,12,19,47,62,45,55,45,46
0737,デンヂムシ,12,4,57,82,95,55,75,36
0738,クワガノン,12,4,77,70,90,145,75,43
0739,マケンカニ,7,19,47,82,57,42,47,63
0740,ケケンカニ,7,6,97,132,77,62,67,43
0741,オドリドリ(めらめら),2,10,75,70,70,98,70,93
741-1,オドリドリ(ぱちぱち),4,10,75,70,70,98,70,93
741-2,オドリドリ(ふらふら),11,10,75,70,70,98,70,93
741-3,オドリドリ(まいまい),14,10,75,70,70,98,70,93
0742,アブリー,12,18,40,45,40,55,40,84
0743,アブリボン,12,18,60,55,60,95,70,124
0744,イワンコ,13,19,45,65,40,30,40,60
0745,ルガルガン昼,13,19,75,115,65,55,65,112
745-1,ルガルガン夜,13,19,85,115,75,55,75,82
0746,ヨワシ,3,19,45,20,20,25,25,40
746-1,ヨワシ(群れ),3,19,45,140,130,140,135,30
0747,ヒドイデ,8,3,50,53,62,43,52,45
0748,ドヒドイデ,8,3,50,63,152,53,142,35
0749,ドロバンコ,9,19,70,100,70,45,55,45
0750,バンバドロ,9,19,100,125,100,55,85,35
0751,シズクモ,3,12,38,40,52,40,72,27
0752,オニシズクモ,3,12,68,70,92,50,132,42
0753,カリキリ,5,19,40,55,35,50,35,35
0754,ラランテス,5,19,70,105,90,80,90,45
0755,ネマシュ,5,18,40,35,55,65,75,15
0756,マシェード,5,18,60,45,80,90,100,30
0757,ヤトウモリ,8,2,48,44,40,71,40,77
0758,エンニュート,8,2,68,64,60,111,60,117
0759,ヌイコグマ,1,7,70,75,50,45,50,50
0760,キテルグマ,1,7,120,125,80,55,60,60
0761,アマカジ,5,19,42,30,38,30,38,32
0762,アママイコ,5,19,52,40,48,40,48,62
0763,アマージョ,5,19,72,120,98,50,98,72
0764,キュワワー,18,19,51,52,90,82,110,100
0765,ヤレユータン,1,11,90,60,80,90,110,60
0766,ナゲツケサル,7,19,100,120,90,40,60,80
0767,コソクムシ,12,3,25,35,40,20,30,80
0768,グソクムシャ,12,3,75,125,140,60,90,40
0769,スナバァ,14,9,55,55,80,70,45,15
0770,シロデスナ,14,9,85,75,110,100,75,35
0771,ナマコブシ,3,19,55,60,130,30,130,5
0772,タイプ：ヌル,1,19,95,95,95,95,95,59
0773,シルヴァディ,1,19,95,95,95,95,95,95
0774,メテノ(流星),13,10,60,60,100,60,100,60
774-1,メテノ(コア),13,10,60,100,60,100,60,120
0775,ネッコアラ,1,19,65,115,65,75,95,65
0776,バクガメス,2,15,60,78,135,91,85,36
0777,トゲデマル,4,17,65,98,63,40,73,96
0778,ミミッキュ,14,18,55,90,80,50,105,96
0779,ハギギシリ,3,11,68,105,70,70,70,92
0780,ジジーロン,1,15,78,60,85,135,91,36
0781,ダダリン,14,5,70,131,100,86,90,40
0782,ジャラコ,15,19,45,55,65,45,45,45
0783,ジャランゴ,15,7,55,75,90,65,70,65
0784,ジャラランガ,15,7,75,110,125,100,105,85
0785,カプ・コケコ,4,18,70,115,85,95,75,130
0786,カプ・テテフ,11,18,70,85,75,130,115,95
0787,カプ・ブルル,5,18,70,130,115,85,95,75
0788,カプ・レヒレ,3,18,70,75,115,95,130,85
0789,コスモッグ,11,19,43,29,31,29,31,37
0790,コスモウム,11,19,43,29,131,29,131,37
0791,ソルガレオ,11,17,137,137,107,113,89,97
0792,ルナアーラ,11,14,137,113,89,137,107,97
0793,ウツロイド,13,8,109,53,47,127,131,103
0794,マッシブーン,12,7,107,139,139,53,53,79
0795,フェローチェ,12,7,71,137,37,137,37,151
0796,デンジュモク,4,19,83,89,71,173,71,83
0797,テッカグヤ,17,10,97,101,103,107,101,61
0798,カミツルギ,5,17,59,181,131,59,31,109
0799,アクジキング,16,15,223,101,53,97,53,43
0800,ネクロズマ,11,19,97,107,101,127,89,79
0801,マギアナ,17,18,80,95,115,130,115,65
0802,マーシャドー,7,14,90,125,80,90,90,125
